/*
Navicat MySQL Data Transfer

Source Server         : NTSoft
Source Server Version : 50517
Source Host           : localhost:3306
Source Database       : heroescoonline

Target Server Type    : MYSQL
Target Server Version : 50517
File Encoding         : 65001

Date: 2012-04-14 00:57:53
*/

SET FOREIGN_KEY_CHECKS=0;
-- ----------------------------
-- Table structure for `accounts`
-- ----------------------------
DROP TABLE IF EXISTS `accounts`;
CREATE TABLE `accounts` (
  `AccountID` varchar(20) NOT NULL,
  `Password` varchar(20) NOT NULL DEFAULT '',
  `Character` varchar(20) NOT NULL DEFAULT '',
  `Status` varchar(4) NOT NULL DEFAULT '',
  `EMail` varchar(100) NOT NULL,
  `SecretCode` varchar(20) NOT NULL,
  `DateCreated` date NOT NULL,
  PRIMARY KEY (`AccountID`)
) ENGINE=MyISAM DEFAULT CHARSET=latin1;

-- ----------------------------
-- Records of accounts
-- ----------------------------
INSERT INTO `accounts` VALUES ('ProjectManager', '1', 'ProjectManager', '[PM]', 'nanotwinssoft@yahoo.com', '1111', '2012-03-01');
INSERT INTO `accounts` VALUES ('GameMaster', '2', 'GameMaster', '[GM]', 'nanotwinssoft@yahoo.com', '2222', '2012-03-01');

-- ----------------------------
-- Table structure for `characters`
-- ----------------------------
DROP TABLE IF EXISTS `characters`;
CREATE TABLE `characters` (
  `Account` varchar(16) NOT NULL,
  `Name` varchar(16) NOT NULL,
  `EntityID` bigint(20) unsigned NOT NULL AUTO_INCREMENT,
  `Level` tinyint(3) unsigned DEFAULT '1',
  `OLDLevel` tinyint(3) unsigned DEFAULT '0',
  `Experience` bigint(20) unsigned DEFAULT '0',
  `Silvers` bigint(10) unsigned DEFAULT '0',
  `CPs` bigint(10) unsigned DEFAULT '0',
  `WHSilvers` bigint(10) unsigned DEFAULT '0',
  `Avatar` mediumint(5) unsigned NOT NULL,
  `Body` mediumint(5) unsigned NOT NULL,
  `Hair` mediumint(5) unsigned NOT NULL,
  `Map` mediumint(5) unsigned DEFAULT '1010',
  `X` mediumint(5) unsigned DEFAULT '61',
  `Y` mediumint(5) unsigned DEFAULT '109',
  `PreviousMap` mediumint(5) unsigned DEFAULT '0',
  `Job` tinyint(3) unsigned NOT NULL,
  `PreviousJob` tinyint(3) unsigned DEFAULT '0',
  `PreviousJob2` tinyint(3) unsigned DEFAULT '0',
  `Reborns` tinyint(1) unsigned DEFAULT '0',
  `StatPoints` mediumint(5) unsigned DEFAULT '0',
  `Str` mediumint(5) unsigned DEFAULT '0',
  `Agi` mediumint(5) unsigned DEFAULT '0',
  `Vit` mediumint(5) unsigned DEFAULT '0',
  `Spi` mediumint(5) unsigned DEFAULT '0',
  `TopTrojan` tinyint(1) unsigned DEFAULT '0',
  `TopWarrior` tinyint(1) unsigned DEFAULT '0',
  `TopArcher` tinyint(1) unsigned DEFAULT '0',
  `TopWaterTaoist` tinyint(1) unsigned DEFAULT '0',
  `TopFireTaoist` tinyint(1) unsigned DEFAULT '0',
  `TopNinja` tinyint(1) unsigned DEFAULT '0',
  `WeeklyPKChampion` tinyint(1) unsigned DEFAULT '0',
  `MonthlyPKChampion` tinyint(1) DEFAULT NULL,
  `TopGuildLeader` tinyint(1) unsigned DEFAULT '0',
  `TopDeputyLeader` tinyint(1) unsigned DEFAULT '0',
  `UniversityPoints` mediumint(10) unsigned DEFAULT '0',
  `CurHP` mediumint(10) unsigned DEFAULT '1',
  `CurMP` mediumint(10) unsigned DEFAULT '0',
  `PKPoints` mediumint(10) unsigned DEFAULT '0',
  `NobilityDonation` bigint(20) unsigned DEFAULT '0',
  `GuildID` bigint(15) unsigned DEFAULT '0',
  `GuildDonation` bigint(20) unsigned DEFAULT '0',
  `GuildRank` tinyint(5) unsigned DEFAULT '0',
  `Warehouses` text,
  `WarehousesPass` varchar(16) DEFAULT '',
  `Equips` text,
  `Spouse` varchar(16) DEFAULT 'None',
  `VipLevel` tinyint(1) unsigned DEFAULT '0',
  `DoubleExp` varchar(10) DEFAULT '0',
  `DoubleExpLeft` bigint(10) unsigned DEFAULT '0',
  `LuckyTime` bigint(20) unsigned DEFAULT '0',
  `ExpBallUsedToday` bigint(20) unsigned DEFAULT '0',
  `DBUsedToday` smallint(10) unsigned DEFAULT '0',
  `LotteryUsedToday` smallint(10) unsigned DEFAULT '0',
  `BlessingStarted` bigint(10) unsigned DEFAULT '0',
  `BlessingLasts` bigint(10) unsigned DEFAULT '0',
  `ElightenAdd` smallint(5) unsigned DEFAULT '0',
  `ElighemPoints` smallint(10) unsigned DEFAULT '0',
  `EnhligtehnRequest` tinyint(10) unsigned NOT NULL DEFAULT '0',
  `Merchant` smallint(5) unsigned DEFAULT '1',
  `WarFlames` bigint(10) unsigned DEFAULT '0',
  `DisCityKO` bigint(10) unsigned DEFAULT '0',
  `House` smallint(10) unsigned DEFAULT '0',
  `VP` bigint(10) unsigned DEFAULT '0',
  `AvatarLevel` smallint(3) unsigned DEFAULT '0',
  `AvatarAccount` varchar(30) DEFAULT NULL,
  `ArenaWins` smallint(4) unsigned DEFAULT '0',
  `ArenaLosses` smallint(4) unsigned DEFAULT '0',
  `ArenaPoints` bigint(6) unsigned DEFAULT '0',
  `AvaLasts` int(6) DEFAULT NULL,
  PRIMARY KEY (`EntityID`)
) ENGINE=MyISAM AUTO_INCREMENT=1001483 DEFAULT CHARSET=latin1;

-- ----------------------------
-- Records of characters
-- ----------------------------
INSERT INTO `characters` VALUES ('ProjectManager', 'ProjectManager', '1000865', '140', '135', '0', '61497429', '813603917', '2323', '53', '1003', '423', '1002', '439', '384', '1700', '55', '135', '25', '2', '214', '200', '300', '500', '1000', '0', '0', '0', '0', '0', '0', '0', null, '0', '0', '1000', '24239', '6290', '0', '1102019999', '0', '0', '0', '2101120-2100025-0-0-0-0-0-10000-10000-0-0-0-1-0-0-0-0-0-0-0~6048039-480339-12-7-255-13-13-7099-7099-0-0-0-2-0-0-0-0-0-0-0~9644137-480339-12-7-255-13-13-7099-7099-0-0-0-2-0-0-0-0-0-0-0~8755822-131039-12-7-255-13-13-4098-4098-0-0-0-2-0-0-0-0-0-0-0~7694673-601149-12-7-255-13-13-4698-4698-0-0-0-6-1-0-0-0-0-0-0~6766458-1088000-0-0-0-0-0-1-1-0-0-0-0-0-0-0-0-0-0-0~9354777-2100065-0-0-0-0-0-10000-10000-0-0-0-5-0-0-0-0-0-0-0~1050775-2100075-0-0-0-0-0-10000-10000-0-0-0-5-0-0-0-0-0-0-0~###5724086-120249-12-7-255-13-13-4198-4198-0-0-0-3-0-0-0-0-0-0-0~1276106-150249-12-7-255-13-13-7099-7099-0-0-0-1-0-0-0-0-0-0-0~5299445-160249-12-7-255-13-13-4098-4098-0-0-0-5-0-0-0-0-0-0-0~##5862010-421079-12-7-255-13-13-7099-7099-0-0-0-2-0-0-0-0-0-0-0~8050269-121249-12-7-255-73-73-4098-4098-0-0-0-3-0-0-0-0-0-0-0~5178143-152259-12-7-255-3-3-4099-4099-0-0-0-5-0-0-0-0-0-0-0~7800813-150249-12-7-255-13-13-7099-7099-0-0-0-5-0-0-0-0-0-0-0~9157043-421339-12-7-255-3-3-7099-7099-0-0-0-5-0-0-0-0-0-0-0~5918121-133109-10-7-200-13-13-4098-4098-0-0-0-3-0-0-0-0-0-0-0~5691476-500069-12-7-255-13-13-7099-7099-0-0-0-5-0-0-0-0-0-0-0~7107717-160139-10-7-255-13-13-4098-4098-0-0-0-1-0-0-0-0-0-0-0~7176490-150249-12-7-255-13-13-7099-7099-0-0-0-5-0-0-0-0-0-0-0~9327277-500329-12-7-255-13-13-7099-7099-0-0-0-6-0-0-0-0-0-0-0~29755043-480339-12-7-255-13-13-7099-7099-0-0-0-8-0-0-0-0-0-0-0~6048039-480339-12-7-255-13-13-7099-7099-0-0-0-2-0-0-0-0-0-0-0~6048039-480339-12-7-255-13-13-7099-7099-0-0-0-2-0-0-0-0-0-0-0~8249227-134109-12-7-255-3-3-4098-4098-0-0-0-3-0-0-0-0-0-0-0~9220608-131109-12-7-255-13-13-4098-4098-0-0-0-3-0-0-0-0-0-0-0~6578230-410339-12-7-255-13-13-7099-7099-0-0-0-4-0-0-0-0-0-0-0~1637966-117109-12-7-255-13-13-4198-4198-0-0-0-3-0-0-0-0-0-0-0~22909008-1050002-0-0-0-0-0-500-500-0-1050002-0-0-0-0-0-0-0-0-0~8031766-1050002-0-0-0-0-0-500-500-0-1050002-0-0-0-0-0-0-0-0-0~69746389-1050002-0-0-0-0-0-500-500-0-1050002-0-0-0-0-0-0-0-0-0~6905214-1050002-0-0-0-0-0-500-500-0-1050002-0-0-0-0-0-0-0-0-0~91121022-1050002-0-0-0-0-0-500-500-0-1050002-0-0-0-0-0-0-0-0-0~1834138-1050002-0-0-0-0-0-500-500-0-1050002-0-0-0-0-0-0-0-0-0~11738431-1050002-0-0-0-0-0-500-500-0-1050002-0-0-0-0-0-0-0-0-0~8746555-1050002-0-0-0-0-0-500-500-0-1050002-0-0-0-0-0-0-0-0-0~##', '', '99566571-117109-12-7-255-13-13-4198-4198-0-0-0-5-0-0-0-0-0-0-0~4830935-120259-12-7-255-13-13-4198-4150-0-0-0-4-0-0-0-0-0-0-0~609700-135039-12-7-255-13-13-3899-3867-0-0-0-2-0-0-0-0-0-0-0~99566570-480339-12-7-255-13-13-7099-7085-0-0-0-1-0-0-0-0-0-0-0~5546070-410339-12-7-255-13-13-7097-7099-0-0-0-6-0-0-0-0-0-0-0~3316873-150259-12-7-255-13-13-7099-7065-0-0-0-2-0-0-0-0-0-0-0~8887818-2100075-0-0-0-0-0-10000-9944-0-0-0-5-1-0-0-0-0-0-0~2886140-160249-12-7-255-13-13-4098-4098-0-0-0-1-0-0-0-0-0-0-0~0-0-0-0-0-0-0-0-0-0-0-0-0-0-0-0-0-0-0-0~99566572-201009-12-7-255-13-13-6698-6698-0-0-0-1-0-0-0-0-0-0-0~5908007-202009-12-1-0-123-123-6698-6654-0-0-0-4-0-0-0-0-0-0-0~395973-300000-12-0-0-0-0-100-100-0-0-0-4-0-0-0-0-0-0-0', '', '4', 'False', '1206', '0', '0', '0', '0', '634582007724843750', '0', '1', '0', '0', '255', '0', '67', '0', '0', '5', 'NinjaEVE~0', '2', '0', '2560', '1800');
INSERT INTO `characters` VALUES ('NinjaEVE', 'E.V.E', '1000881', '54', '0', '708122', '79599979', '16698316', '757', '204', '2001', '433', '1002', '462', '475', '1036', '165', '55', '145', '2', '219', '190', '300', '600', '635', '0', '0', '0', '0', '0', '0', '0', null, '0', '0', '1', '25560', '6201', '0', '17000000000', '0', '0', '0', '1014263-131048-0-0-0-0-0-4098-4098-0-0-0-3-0-0-0-0-0-0-0~81867947-134029-0-0-0-0-0-3799-3799-0-0-0-3-0-0-0-0-0-0-0~6152506-410339-12-7-255-13-13-7099-7099-0-0-0-3-0-0-0-0-0-0-0~5794719-182365-0-0-0-0-0-65535-65535-0-0-0-8-0-0-0-0-0-0-0~502602-421198-0-0-0-0-0-6599-6599-0-0-0-2-0-0-0-0-0-0-0~#####2369888-1002000-0-0-0-0-0-1-1-0-0-0-1-0-0-0-0-0-0-0~2369888-1002000-0-0-0-0-0-1-1-0-0-0-1-0-0-0-0-0-0-0~1392846-1002000-0-0-0-0-0-1-1-0-0-0-1-0-0-0-0-0-0-0~1392846-1002000-0-0-0-0-0-1-1-0-0-0-1-0-0-0-0-0-0-0~1637825-1002000-0-0-0-0-0-1-1-0-0-0-1-0-0-0-0-0-0-0~1392846-1002000-0-0-0-0-0-1-1-0-0-0-1-0-0-0-0-0-0-0~1392846-1002000-0-0-0-0-0-1-1-0-0-0-1-0-0-0-0-0-0-0~1551198-1002000-0-0-0-0-0-1-1-0-0-0-1-0-0-0-0-0-0-0~3532428-1002000-0-0-0-0-0-1-1-0-0-0-1-0-0-0-0-0-0-0~2367910-1002000-0-0-0-0-0-1-1-0-0-0-1-0-0-0-0-0-0-0~9417382-1002000-0-0-0-0-0-1-1-0-0-0-1-0-0-0-0-0-0-0~9417382-1002000-0-0-0-0-0-1-1-0-0-0-1-0-0-0-0-0-0-0~8524979-1002000-0-0-0-0-0-1-1-0-0-0-1-0-0-0-0-0-0-0~2575952-1002000-0-0-0-0-0-1-1-0-0-0-1-0-0-0-0-0-0-0~3007519-1002000-0-0-0-0-0-1-1-0-0-0-1-0-0-0-0-0-0-0~1416975-601077-0-0-0-0-0-7099-7099-0-0-0-3-0-0-0-0-0-0-0~9958640-135009-10-7-255-13-13-4098-4098-0-0-0-3-0-0-0-0-0-0-0~7242628-160249-10-7-200-13-13-4098-4098-0-0-0-2-0-0-0-0-0-0-0~217321-201009-12-1-0-103-103-6698-6698-0-0-0-8-0-0-0-0-0-0-0~7263734-142028-0-0-0-0-0-4198-4198-0-0-0-3-0-0-0-0-0-0-0~295533-134048-0-0-0-0-0-4098-4098-0-0-0-3-0-0-0-0-0-0-0~##', '', '99566571-117109-12-7-255-13-13-4198-4198-0-0-0-5-0-0-0-0-0-0-0~4830935-120259-12-7-255-13-13-4198-4150-0-0-0-4-0-0-0-0-0-0-0~1355859-130109-12-7-255-13-13-4098-4098-0-0-0-2-0-0-0-0-0-0-0~99566570-480339-12-7-255-13-13-7099-7085-0-0-0-1-0-0-0-0-0-0-0~5546070-410339-12-7-255-13-13-7097-7099-0-0-0-6-0-0-0-0-0-0-0~3316873-150259-12-7-255-13-13-7099-7065-0-0-0-2-0-0-0-0-0-0-0~8887818-2100075-0-0-0-0-0-10000-9944-0-0-0-5-1-0-0-0-0-0-0~2886140-160249-12-7-255-13-13-4098-4098-0-0-0-1-0-0-0-0-0-0-0~0-0-0-0-0-0-0-0-0-0-0-0-0-0-0-0-0-0-0-0~74280241-201009-12-1-0-103-103-6698-6670-0-0-0-8-0-0-0-0-0-0-0~5908007-202009-12-1-0-123-123-6698-6654-0-0-0-4-0-0-0-0-0-0-0~395973-300000-12-0-0-0-0-100-100-0-0-0-4-0-0-0-0-0-0-0', '', '1', 'False', '0', '0', '0', '0', '0', '634254310138437500', '0', '1', '0', '0', '255', '0', '0', '0', '0', '3', 'PM~0', '0', '0', '1500', '0');
INSERT INTO `characters` VALUES ('GameMaster', 'GameMaster', '1001482', '140', '0', '0', '78866687', '76511233', '939100000', '53', '2001', '423', '1004', '36', '62', '1002', '20', '135', '25', '5', '88', '180', '300', '770', '310', '0', '0', '0', '0', '0', '0', '0', null, '0', '0', '1', '22105', '3715', '0', '0', '0', '0', '0', '###7430541-601198-0-0-0-0-0-6698-6698-0-0-0-2-0-0-0-0-0-0-0~6210608-410198-0-0-0-0-0-6599-6599-0-0-0-4-0-0-0-0-0-0-0~##5757538-420079-12-7-255-13-13-7099-7099-0-0-0-3-0-0-0-0-0-0-0~5088131-150249-12-7-255-13-13-7099-7099-0-0-0-8-0-0-0-0-0-0-0~1177675-120249-12-7-255-13-13-4198-4198-0-0-0-8-0-0-0-0-0-0-0~7416238-1088000-0-0-0-0-0-1-1-0-0-0-6-0-0-0-0-0-0-0~##', '', '0-0-0-0-0-0-0-0-0-0-0-0-0-0-0-0-0-0-0-0~0-0-0-0-0-0-0-0-0-0-0-0-0-0-0-0-0-0-0-0~381050114-131059-12-7-255-13-13-7099-7099-0-0-0-3-0-0-0-0-0-0-0~90162453-560195-0-0-0-0-0-6599-6599-0-560195-0-6-0-0-0-0-0-0-0~0-0-0-0-0-0-0-0-0-0-0-0-0-0-0-0-0-0-0-0~0-0-0-0-0-0-0-0-0-0-0-0-0-0-0-0-0-0-0-0~0-0-0-0-0-0-0-0-0-0-0-0-0-0-0-0-0-0-0-0~0-0-0-0-0-0-0-0-0-0-0-0-0-0-0-0-0-0-0-0~0-0-0-0-0-0-0-0-0-0-0-0-0-0-0-0-0-0-0-0~0-0-0-0-0-0-0-0-0-0-0-0-0-0-0-0-0-0-0-0~0-0-0-0-0-0-0-0-0-0-0-0-0-0-0-0-0-0-0-0~209456194-300000-6-0-0-0-0-100-100-0-38655-0-2-0-0-255-150-0-0-100', 'None', '6', 'False', '0', '0', '0', '0', '0', '0', '0', '1', '0', '0', '255', '0', '8', '0', '0', '5', 'NinjaEVE~0', '0', '0', '0', '81');

-- ----------------------------
-- Table structure for `confiscator`
-- ----------------------------
DROP TABLE IF EXISTS `confiscator`;
CREATE TABLE `confiscator` (
  `CharID` bigint(255) unsigned NOT NULL DEFAULT '0',
  `CharID2` bigint(255) NOT NULL,
  `ItemUID` bigint(255) unsigned NOT NULL AUTO_INCREMENT,
  `Position` bigint(255) unsigned NOT NULL DEFAULT '0',
  `ItemID` bigint(255) unsigned NOT NULL DEFAULT '0',
  `Plus` bigint(255) unsigned NOT NULL DEFAULT '0',
  `Progress` bigint(255) unsigned NOT NULL DEFAULT '0',
  `Minus` bigint(255) unsigned NOT NULL DEFAULT '0',
  `Enchant` bigint(255) unsigned NOT NULL DEFAULT '0',
  `Soc1` bigint(255) unsigned NOT NULL DEFAULT '0',
  `Soc2` bigint(255) unsigned NOT NULL DEFAULT '0',
  `Dura` bigint(255) unsigned NOT NULL DEFAULT '0',
  `MaxDura` bigint(255) unsigned NOT NULL DEFAULT '0',
  `Color` bigint(255) unsigned NOT NULL DEFAULT '3',
  `Locked` bigint(255) unsigned NOT NULL DEFAULT '0',
  `Free` bigint(255) unsigned NOT NULL DEFAULT '0',
  `SocketProgress` bigint(255) unsigned NOT NULL DEFAULT '0',
  `Suspicious` bigint(255) unsigned NOT NULL DEFAULT '0',
  `LockedDay` bigint(255) unsigned NOT NULL DEFAULT '0',
  `X` bigint(255) unsigned NOT NULL DEFAULT '0',
  `Y` bigint(255) unsigned NOT NULL DEFAULT '0',
  `Z` bigint(255) unsigned NOT NULL DEFAULT '0',
  `floor` bigint(255) unsigned NOT NULL DEFAULT '0',
  `Effect` bigint(255) unsigned NOT NULL DEFAULT '0',
  `Time` bigint(255) unsigned NOT NULL DEFAULT '0',
  `Name1` varchar(255) NOT NULL,
  `Name2` varchar(255) NOT NULL,
  PRIMARY KEY (`ItemUID`)
) ENGINE=MyISAM AUTO_INCREMENT=99566572 DEFAULT CHARSET=latin1;

-- ----------------------------
-- Records of confiscator
-- ----------------------------

-- ----------------------------
-- Table structure for `enemys`
-- ----------------------------
DROP TABLE IF EXISTS `enemys`;
CREATE TABLE `enemys` (
  `EntityID` bigint(255) unsigned DEFAULT '0',
  `EnemyName` varchar(16) CHARACTER SET latin1 COLLATE latin1_german1_ci DEFAULT NULL,
  `UID` bigint(255) unsigned DEFAULT '0'
) ENGINE=MyISAM DEFAULT CHARSET=utf8;

-- ----------------------------
-- Records of enemys
-- ----------------------------

-- ----------------------------
-- Table structure for `friends`
-- ----------------------------
DROP TABLE IF EXISTS `friends`;
CREATE TABLE `friends` (
  `EntityID` bigint(255) unsigned DEFAULT '0',
  `FriendName` varchar(16) CHARACTER SET latin1 COLLATE latin1_german1_ci DEFAULT NULL,
  `UID` bigint(255) unsigned DEFAULT '0'
) ENGINE=MyISAM DEFAULT CHARSET=utf8;

-- ----------------------------
-- Records of friends
-- ----------------------------
INSERT INTO `friends` VALUES ('1000881', 'ProjectManager', '1000865');
INSERT INTO `friends` VALUES ('1000865', 'E.V.E', '1000881');

-- ----------------------------
-- Table structure for `guildallies`
-- ----------------------------
DROP TABLE IF EXISTS `guildallies`;
CREATE TABLE `guildallies` (
  `GuildID` bigint(255) unsigned DEFAULT '0',
  `AlliesId1` bigint(255) unsigned DEFAULT '0',
  `AlliesName1` varchar(16) CHARACTER SET latin1 COLLATE latin1_german1_ci DEFAULT NULL,
  `AlliesId2` bigint(255) unsigned DEFAULT '0',
  `AlliesName2` varchar(16) CHARACTER SET latin1 COLLATE latin1_german1_ci DEFAULT NULL,
  `AlliesId3` bigint(255) unsigned DEFAULT '0',
  `AlliesName3` varchar(16) CHARACTER SET latin1 COLLATE latin1_german1_ci DEFAULT NULL,
  `AlliesId4` bigint(255) unsigned DEFAULT '0',
  `AlliesName4` varchar(16) CHARACTER SET latin1 COLLATE latin1_german1_ci DEFAULT NULL,
  `AlliesId5` bigint(255) unsigned DEFAULT '0',
  `AlliesName5` varchar(16) CHARACTER SET latin1 COLLATE latin1_german1_ci DEFAULT NULL
) ENGINE=MyISAM DEFAULT CHARSET=utf8;

-- ----------------------------
-- Records of guildallies
-- ----------------------------
INSERT INTO `guildallies` VALUES ('57911', '0', null, '0', null, '0', null, '0', null, '0', null);
INSERT INTO `guildallies` VALUES ('3230', '0', null, '0', null, '0', null, '0', null, '0', null);
INSERT INTO `guildallies` VALUES ('51150', '0', null, '0', null, '0', null, '0', null, '0', null);
INSERT INTO `guildallies` VALUES ('52462', '4736', 'lolb', '0', null, '0', null, '0', null, '0', null);
INSERT INTO `guildallies` VALUES ('4736', '52462', 'lola', '0', null, '0', null, '0', null, '0', null);
INSERT INTO `guildallies` VALUES ('48056', '0', null, '0', null, '0', null, '0', null, '0', null);

-- ----------------------------
-- Table structure for `guildenemies`
-- ----------------------------
DROP TABLE IF EXISTS `guildenemies`;
CREATE TABLE `guildenemies` (
  `GuildID` bigint(255) unsigned DEFAULT '0',
  `EnemiesId1` bigint(255) unsigned DEFAULT '0',
  `EnemiesName1` varchar(16) CHARACTER SET latin1 COLLATE latin1_german1_ci DEFAULT NULL,
  `EnemiesId2` bigint(255) unsigned DEFAULT '0',
  `EnemiesName2` varchar(16) CHARACTER SET latin1 COLLATE latin1_german1_ci DEFAULT NULL,
  `EnemiesId3` bigint(255) unsigned DEFAULT '0',
  `EnemiesName3` varchar(16) CHARACTER SET latin1 COLLATE latin1_german1_ci DEFAULT NULL,
  `EnemiesId4` bigint(255) unsigned DEFAULT '0',
  `EnemiesName4` varchar(16) CHARACTER SET latin1 COLLATE latin1_german1_ci DEFAULT NULL,
  `EnemiesId5` bigint(255) unsigned DEFAULT '0',
  `EnemiesName5` varchar(16) CHARACTER SET latin1 COLLATE latin1_german1_ci DEFAULT NULL
) ENGINE=MyISAM DEFAULT CHARSET=utf8;

-- ----------------------------
-- Records of guildenemies
-- ----------------------------
INSERT INTO `guildenemies` VALUES ('57911', '0', null, '0', null, '0', null, '0', null, '0', null);
INSERT INTO `guildenemies` VALUES ('3230', '0', null, '0', null, '0', null, '0', null, '0', null);
INSERT INTO `guildenemies` VALUES ('51150', '0', null, '0', null, '0', null, '0', null, '0', null);
INSERT INTO `guildenemies` VALUES ('52462', '0', '', '0', null, '0', null, '0', null, '0', null);
INSERT INTO `guildenemies` VALUES ('4736', '0', null, '0', null, '0', null, '0', null, '0', null);
INSERT INTO `guildenemies` VALUES ('48056', '0', null, '0', null, '0', null, '0', null, '0', null);

-- ----------------------------
-- Table structure for `items`
-- ----------------------------
DROP TABLE IF EXISTS `items`;
CREATE TABLE `items` (
  `CharID` bigint(15) unsigned NOT NULL DEFAULT '0',
  `ItemUID` bigint(15) unsigned NOT NULL AUTO_INCREMENT,
  `Position` tinyint(3) unsigned NOT NULL DEFAULT '0',
  `ItemID` bigint(10) unsigned NOT NULL DEFAULT '0',
  `Plus` tinyint(3) unsigned NOT NULL DEFAULT '0',
  `Progress` bigint(10) unsigned NOT NULL DEFAULT '0',
  `Minus` smallint(10) unsigned NOT NULL DEFAULT '0',
  `Enchant` mediumint(10) unsigned NOT NULL DEFAULT '0',
  `Soc1` smallint(4) unsigned NOT NULL DEFAULT '0',
  `Soc2` smallint(4) unsigned NOT NULL DEFAULT '0',
  `Dura` int(7) unsigned NOT NULL DEFAULT '0',
  `MaxDura` int(7) unsigned NOT NULL DEFAULT '0',
  `Color` tinyint(1) unsigned NOT NULL DEFAULT '3',
  `Locked` tinyint(1) unsigned NOT NULL DEFAULT '0',
  `Free` tinyint(1) unsigned NOT NULL DEFAULT '0',
  `SocketProgress` bigint(10) unsigned NOT NULL DEFAULT '0',
  `Suspicious` bigint(10) unsigned NOT NULL DEFAULT '0',
  `LockedDay` bigint(20) unsigned NOT NULL DEFAULT '0',
  `X` bigint(10) unsigned NOT NULL DEFAULT '0',
  `Y` bigint(10) unsigned NOT NULL DEFAULT '0',
  `Z` bigint(10) unsigned NOT NULL DEFAULT '0',
  `floor` bigint(10) unsigned NOT NULL DEFAULT '0',
  `Effect` bigint(20) unsigned NOT NULL DEFAULT '0',
  `Time` bigint(20) unsigned NOT NULL DEFAULT '0',
  `Name1` varchar(15) DEFAULT NULL,
  `Name2` varchar(15) DEFAULT NULL,
  PRIMARY KEY (`ItemUID`)
) ENGINE=MyISAM AUTO_INCREMENT=992878743 DEFAULT CHARSET=latin1;

-- ----------------------------
-- Records of items
-- ----------------------------
INSERT INTO `items` VALUES ('1000865', '422226', '0', '120249', '12', '0', '7', '255', '13', '13', '4198', '4198', '7', '0', '0', '0', '0', '0', '0', '0', '0', '0', '0', '0', '', '');
INSERT INTO `items` VALUES ('1000881', '15967', '0', '118089', '0', '0', '0', '0', '0', '0', '4198', '4198', '3', '0', '0', '0', '0', '0', '0', '0', '0', '0', '0', '0', '', '');
INSERT INTO `items` VALUES ('1000865', '8021060', '0', '420339', '12', '0', '7', '255', '13', '13', '7099', '7099', '0', '0', '0', '0', '0', '0', '0', '0', '0', '0', '0', '0', '', '');
INSERT INTO `items` VALUES ('1000881', '7248208', '0', '610009', '0', '0', '0', '0', '0', '0', '1698', '1698', '0', '0', '0', '610009', '0', '0', '0', '0', '0', '0', '0', '0', '', '');
INSERT INTO `items` VALUES ('1000881', '5349945', '0', '1088000', '0', '0', '0', '0', '0', '0', '1', '1', '0', '0', '0', '0', '0', '0', '0', '0', '0', '0', '0', '0', '', '');
INSERT INTO `items` VALUES ('1000881', '8908170', '0', '141058', '0', '0', '0', '0', '0', '0', '4098', '4098', '3', '0', '0', '0', '0', '0', '0', '0', '0', '0', '0', '0', '', '');
INSERT INTO `items` VALUES ('1000881', '6982632', '0', '1088000', '0', '0', '0', '0', '0', '0', '1', '1', '0', '0', '0', '0', '0', '0', '0', '0', '0', '0', '0', '0', '', '');
INSERT INTO `items` VALUES ('1000865', '4006293', '0', '183345', '0', '0', '0', '0', '0', '0', '65533', '65535', '0', '0', '0', '183345', '0', '0', '0', '0', '0', '0', '0', '0', '', '');
INSERT INTO `items` VALUES ('1000881', '26658825', '0', '800701', '0', '0', '0', '0', '0', '0', '1', '1', '0', '0', '0', '800701', '0', '0', '0', '0', '0', '0', '0', '0', '', '');
INSERT INTO `items` VALUES ('1000881', '99985867', '0', '183465', '0', '0', '0', '0', '0', '0', '0', '0', '0', '0', '0', '183465', '0', '0', '0', '0', '0', '0', '0', '0', '', '');
INSERT INTO `items` VALUES ('1000865', '5509469', '0', '150249', '12', '0', '7', '255', '13', '13', '7089', '7099', '5', '0', '0', '0', '0', '0', '0', '0', '0', '0', '0', '0', '', '');
INSERT INTO `items` VALUES ('1000881', '19636592', '0', '191345', '0', '0', '0', '0', '0', '0', '0', '0', '0', '0', '0', '191345', '0', '0', '0', '0', '0', '0', '0', '0', '', '');
INSERT INTO `items` VALUES ('1000881', '2201686', '0', '601339', '12', '0', '7', '255', '13', '13', '7099', '7099', '4', '0', '0', '0', '0', '0', '0', '0', '0', '0', '0', '0', '', '');
INSERT INTO `items` VALUES ('1000881', '617518', '0', '130069', '0', '0', '0', '0', '0', '0', '4098', '4098', '3', '1', '0', '0', '0', '0', '0', '0', '0', '0', '0', '0', '', '');
INSERT INTO `items` VALUES ('1000881', '8374586', '0', '118099', '0', '0', '0', '0', '0', '0', '4198', '4198', '3', '1', '0', '0', '0', '0', '0', '0', '0', '0', '0', '0', '', '');
INSERT INTO `items` VALUES ('1000881', '6247919', '0', '1088000', '0', '0', '0', '0', '0', '0', '1', '1', '0', '0', '0', '0', '0', '0', '0', '0', '0', '0', '0', '0', '', '');
INSERT INTO `items` VALUES ('1000865', '6955930', '0', '187315', '0', '0', '0', '0', '0', '0', '65535', '65535', '0', '0', '0', '187315', '0', '0', '0', '0', '0', '0', '0', '0', '', '');
INSERT INTO `items` VALUES ('1000865', '50403261', '0', '130009', '12', '0', '7', '255', '13', '13', '4098', '4098', '2', '0', '0', '0', '0', '0', '0', '0', '0', '0', '0', '0', '', '');
INSERT INTO `items` VALUES ('1000865', '523582', '0', '160249', '12', '0', '7', '255', '13', '13', '4098', '4098', '1', '0', '0', '0', '0', '0', '0', '0', '0', '0', '0', '0', '', '');
INSERT INTO `items` VALUES ('1001482', '1868164', '0', '120109', '0', '0', '0', '0', '0', '0', '3085', '3099', '2', '0', '0', '0', '0', '0', '0', '0', '0', '0', '0', '0', '', '');
INSERT INTO `items` VALUES ('1000881', '6047320', '0', '610439', '0', '0', '0', '0', '0', '0', '7099', '7099', '0', '0', '0', '610439', '0', '0', '0', '0', '0', '0', '0', '0', '', '');
INSERT INTO `items` VALUES ('1000865', '8425952', '0', '710034', '0', '0', '0', '0', '0', '0', '1', '1', '0', '0', '0', '0', '0', '0', '0', '0', '0', '0', '0', '0', '', '');
INSERT INTO `items` VALUES ('1000881', '67846632', '0', '183355', '0', '0', '0', '0', '0', '0', '0', '0', '0', '0', '0', '183355', '0', '0', '0', '0', '0', '0', '0', '0', '', '');
INSERT INTO `items` VALUES ('1000881', '59987946', '0', '191455', '0', '0', '0', '0', '0', '0', '0', '0', '0', '0', '0', '191455', '0', '0', '0', '0', '0', '0', '0', '0', '', '');
INSERT INTO `items` VALUES ('1000881', '4256176', '0', '183335', '0', '0', '0', '0', '0', '0', '0', '0', '0', '0', '0', '183335', '0', '0', '0', '0', '0', '0', '0', '0', '', '');
INSERT INTO `items` VALUES ('1000881', '92680420', '0', '191355', '0', '0', '0', '0', '0', '0', '0', '0', '0', '0', '0', '191355', '0', '0', '0', '0', '0', '0', '0', '0', '', '');
INSERT INTO `items` VALUES ('1000881', '22678753', '0', '610319', '0', '0', '0', '0', '0', '0', '7099', '7099', '0', '0', '0', '610319', '0', '0', '0', '0', '0', '0', '0', '0', '', '');
INSERT INTO `items` VALUES ('1000865', '5598598', '0', '183375', '0', '0', '0', '0', '0', '0', '65535', '65535', '0', '0', '0', '183375', '0', '0', '0', '0', '0', '0', '0', '0', '', '');
INSERT INTO `items` VALUES ('1000865', '5156945', '0', '118058', '12', '11960', '0', '0', '0', '0', '4198', '4198', '5', '0', '0', '0', '0', '0', '0', '0', '0', '0', '0', '0', '', '');
INSERT INTO `items` VALUES ('1000881', '80482458', '0', '184325', '0', '0', '0', '0', '0', '0', '65535', '65535', '0', '0', '0', '184325', '0', '0', '0', '0', '0', '0', '0', '0', '', '');
INSERT INTO `items` VALUES ('1000865', '5699093', '0', '183315', '0', '0', '0', '0', '0', '0', '65535', '65535', '0', '0', '0', '183315', '0', '0', '0', '0', '0', '0', '0', '0', '', '');
INSERT INTO `items` VALUES ('1000881', '68696951', '0', '191425', '0', '0', '0', '0', '0', '0', '0', '0', '0', '0', '0', '191425', '0', '0', '0', '0', '0', '0', '0', '0', '', '');
INSERT INTO `items` VALUES ('1000881', '6421426', '0', '123109', '0', '0', '0', '0', '0', '0', '4098', '4098', '3', '0', '0', '0', '0', '0', '0', '0', '0', '0', '0', '0', '', '');
INSERT INTO `items` VALUES ('1000881', '3385518', '0', '201019', '12', '0', '12', '255', '13', '13', '7099', '7099', '6', '0', '0', '0', '0', '0', '0', '0', '0', '0', '0', '0', '', '');
INSERT INTO `items` VALUES ('1000881', '99406207', '0', '191415', '0', '0', '0', '0', '0', '0', '0', '0', '0', '0', '0', '191415', '0', '0', '0', '0', '0', '0', '0', '0', '', '');
INSERT INTO `items` VALUES ('1000881', '406581', '0', '184355', '0', '0', '0', '0', '0', '0', '65535', '65535', '0', '0', '0', '184355', '0', '0', '0', '0', '0', '0', '0', '0', '', '');
INSERT INTO `items` VALUES ('1001482', '1623759', '0', '460319', '12', '0', '7', '255', '13', '13', '7099', '7099', '8', '0', '0', '0', '0', '0', '0', '0', '0', '0', '0', '0', '', '');
INSERT INTO `items` VALUES ('1000865', '7138038', '0', '0', '0', '0', '0', '0', '0', '0', '0', '0', '0', '0', '0', '0', '0', '0', '0', '0', '0', '0', '0', '0', '', '');
INSERT INTO `items` VALUES ('1000865', '6922340', '0', '0', '0', '0', '0', '0', '0', '0', '0', '0', '0', '0', '0', '0', '0', '0', '0', '0', '0', '0', '0', '0', '', '');
INSERT INTO `items` VALUES ('1000865', '5202873', '0', '420029', '12', '0', '7', '255', '255', '255', '7099', '7099', '5', '0', '0', '0', '0', '0', '0', '0', '0', '0', '0', '0', '', '');
INSERT INTO `items` VALUES ('1000865', '1773741', '0', '120009', '12', '0', '7', '255', '13', '13', '4196', '4198', '5', '0', '0', '0', '0', '0', '0', '0', '0', '0', '0', '0', '', '');
INSERT INTO `items` VALUES ('1001482', '26933104', '0', '1001010', '0', '0', '0', '0', '0', '0', '1', '1', '0', '0', '0', '1001010', '0', '0', '0', '0', '0', '0', '0', '0', '', '');
INSERT INTO `items` VALUES ('1000865', '1892542', '0', '201009', '12', '0', '1', '0', '103', '103', '6698', '6698', '7', '0', '0', '0', '0', '0', '0', '0', '0', '0', '0', '0', '', '');
INSERT INTO `items` VALUES ('1001482', '71447569', '0', '1001100', '0', '0', '0', '0', '0', '0', '0', '0', '0', '0', '0', '1001100', '0', '0', '0', '0', '0', '0', '0', '0', '', '');
INSERT INTO `items` VALUES ('1001482', '53891192', '0', '1001000', '0', '0', '0', '0', '0', '0', '1', '1', '0', '0', '0', '1001000', '0', '0', '0', '0', '0', '0', '0', '0', '', '');
INSERT INTO `items` VALUES ('1000881', '37657557', '0', '183355', '0', '0', '0', '0', '0', '0', '0', '0', '0', '0', '0', '183355', '0', '0', '0', '0', '0', '0', '0', '0', '', '');
INSERT INTO `items` VALUES ('1000881', '87949067', '0', '183405', '0', '0', '0', '0', '0', '0', '0', '0', '0', '0', '0', '183405', '0', '0', '0', '0', '0', '0', '0', '0', '', '');
INSERT INTO `items` VALUES ('1000881', '1590928', '0', '700051', '0', '0', '0', '0', '0', '0', '199', '199', '0', '0', '0', '0', '0', '0', '0', '0', '0', '0', '0', '0', '', '');
INSERT INTO `items` VALUES ('1000881', '1307198', '0', '191305', '0', '0', '0', '0', '0', '0', '65535', '65535', '0', '0', '0', '0', '0', '0', '0', '0', '0', '0', '0', '0', '', '');
INSERT INTO `items` VALUES ('1001482', '21643483', '0', '1000020', '0', '0', '0', '0', '0', '0', '1', '1', '0', '0', '0', '1000020', '0', '0', '0', '0', '0', '0', '0', '0', '', '');
INSERT INTO `items` VALUES ('1000881', '53779078', '0', '191435', '0', '0', '0', '0', '0', '0', '0', '0', '0', '0', '0', '191435', '0', '0', '0', '0', '0', '0', '0', '0', '', '');
INSERT INTO `items` VALUES ('1000881', '46936380', '0', '183385', '0', '0', '0', '0', '0', '0', '0', '0', '0', '0', '0', '183385', '0', '0', '0', '0', '0', '0', '0', '0', '', '');
INSERT INTO `items` VALUES ('1000865', '2869328', '0', '723712', '0', '0', '0', '0', '0', '0', '1', '1', '0', '0', '0', '0', '0', '0', '0', '0', '0', '0', '0', '0', '', '');
INSERT INTO `items` VALUES ('1000865', '6240758', '0', '184375', '0', '0', '0', '0', '0', '0', '65535', '65535', '0', '0', '0', '184375', '0', '0', '0', '0', '0', '0', '0', '0', '', '');
INSERT INTO `items` VALUES ('1000881', '9839375', '0', '184335', '0', '0', '0', '0', '0', '0', '65535', '65535', '0', '0', '0', '184335', '0', '0', '0', '0', '0', '0', '0', '0', '', '');
INSERT INTO `items` VALUES ('1000881', '65857567', '0', '183395', '0', '0', '0', '0', '0', '0', '0', '0', '0', '0', '0', '183395', '0', '0', '0', '0', '0', '0', '0', '0', '', '');
INSERT INTO `items` VALUES ('1000881', '33560571', '0', '183475', '0', '0', '0', '0', '0', '0', '0', '0', '0', '0', '0', '183475', '0', '0', '0', '0', '0', '0', '0', '0', '', '');
INSERT INTO `items` VALUES ('1001482', '7826566', '0', '460319', '12', '0', '7', '255', '13', '13', '7095', '7099', '4', '0', '0', '0', '0', '0', '0', '0', '0', '0', '0', '0', '', '');
INSERT INTO `items` VALUES ('1000881', '807435', '0', '131068', '0', '0', '0', '0', '0', '0', '4098', '4098', '3', '0', '0', '0', '0', '0', '0', '0', '0', '0', '0', '0', '', '');
INSERT INTO `items` VALUES ('1001482', '6392482', '0', '150109', '0', '0', '0', '0', '0', '0', '1091', '1099', '7', '0', '0', '0', '0', '0', '0', '0', '0', '0', '0', '0', '', '');
INSERT INTO `items` VALUES ('1000881', '3492340', '0', '202019', '12', '0', '12', '255', '13', '13', '7097', '7099', '5', '0', '0', '0', '0', '0', '0', '0', '0', '0', '0', '0', '', '');
INSERT INTO `items` VALUES ('1000881', '2982233', '0', '150158', '0', '0', '0', '0', '0', '0', '5099', '5099', '1', '0', '0', '0', '0', '0', '0', '0', '0', '0', '0', '0', '', '');
INSERT INTO `items` VALUES ('1001482', '566781', '0', '430289', '0', '0', '0', '0', '0', '0', '6599', '6599', '3', '0', '0', '0', '0', '0', '0', '0', '0', '0', '0', '0', '', '');
INSERT INTO `items` VALUES ('1000881', '74308536', '0', '184315', '0', '0', '0', '0', '0', '0', '65535', '65535', '0', '0', '0', '184315', '0', '0', '0', '0', '0', '0', '0', '0', '', '');
INSERT INTO `items` VALUES ('1000881', '4372703', '0', '117058', '0', '0', '0', '0', '0', '0', '4098', '4098', '3', '0', '0', '0', '0', '0', '0', '0', '0', '0', '0', '0', '', '');
INSERT INTO `items` VALUES ('1000881', '5438113', '0', '152168', '0', '0', '0', '0', '0', '0', '5099', '5099', '0', '0', '0', '0', '0', '0', '0', '0', '0', '0', '0', '0', '', '');
INSERT INTO `items` VALUES ('1000881', '9620166', '0', '121128', '0', '0', '0', '0', '0', '0', '4098', '4098', '3', '1', '0', '0', '0', '0', '0', '0', '0', '0', '0', '0', '', '');
INSERT INTO `items` VALUES ('1000865', '8464634', '0', '135109', '12', '0', '7', '255', '13', '13', '4092', '4098', '6', '0', '0', '0', '0', '0', '0', '0', '0', '0', '0', '0', '', '');
INSERT INTO `items` VALUES ('1000881', '66408402', '0', '183445', '0', '0', '0', '0', '0', '0', '0', '0', '0', '0', '0', '183445', '0', '0', '0', '0', '0', '0', '0', '0', '', '');
INSERT INTO `items` VALUES ('1000881', '85236342', '0', '183455', '0', '0', '0', '0', '0', '0', '0', '0', '0', '0', '0', '183455', '0', '0', '0', '0', '0', '0', '0', '0', '', '');
INSERT INTO `items` VALUES ('1000881', '3074255', '0', '729911', '0', '0', '0', '0', '0', '0', '1', '1', '0', '0', '0', '0', '0', '0', '0', '0', '0', '0', '0', '0', '', '');
INSERT INTO `items` VALUES ('1000881', '3120337', '0', '187305', '0', '0', '0', '0', '0', '0', '65535', '65535', '0', '0', '0', '187305', '0', '0', '0', '0', '0', '0', '0', '0', '', '');
INSERT INTO `items` VALUES ('1000881', '9298344', '0', '1088000', '0', '0', '0', '0', '0', '0', '1', '1', '0', '0', '0', '0', '0', '0', '0', '0', '0', '0', '0', '0', '', '');
INSERT INTO `items` VALUES ('1000881', '17627901', '0', '183425', '0', '0', '0', '0', '0', '0', '0', '0', '0', '0', '0', '183425', '0', '0', '0', '0', '0', '0', '0', '0', '', '');
INSERT INTO `items` VALUES ('1000881', '79712815', '0', '183435', '0', '0', '0', '0', '0', '0', '0', '0', '0', '0', '0', '183435', '0', '0', '0', '0', '0', '0', '0', '0', '', '');
INSERT INTO `items` VALUES ('1000881', '13631216', '0', '610009', '0', '0', '0', '0', '0', '0', '1698', '1698', '0', '0', '0', '610009', '0', '0', '0', '0', '0', '0', '0', '0', '', '');
INSERT INTO `items` VALUES ('1000865', '1355859', '0', '130109', '12', '0', '7', '255', '13', '13', '4098', '4098', '2', '0', '0', '0', '0', '0', '0', '0', '0', '0', '0', '0', '', '');
INSERT INTO `items` VALUES ('1000881', '40335414', '0', '183305', '0', '0', '0', '0', '0', '0', '65535', '65535', '0', '0', '0', '183305', '0', '0', '0', '0', '0', '0', '0', '0', '', '');
INSERT INTO `items` VALUES ('1000865', '92952521', '0', '610009', '0', '0', '0', '0', '0', '0', '1698', '1698', '0', '0', '0', '610009', '0', '0', '0', '0', '0', '0', '0', '0', '', '');
INSERT INTO `items` VALUES ('1000865', '9925136', '0', '610009', '0', '0', '0', '0', '0', '0', '1698', '1698', '0', '0', '0', '610009', '0', '0', '0', '0', '0', '0', '0', '0', '', '');
INSERT INTO `items` VALUES ('1000881', '8853055', '0', '729910', '0', '0', '0', '0', '0', '0', '1', '1', '0', '0', '0', '0', '0', '0', '0', '0', '0', '0', '0', '0', '', '');
INSERT INTO `items` VALUES ('1000865', '92625', '0', '183305', '0', '0', '0', '0', '0', '0', '65535', '65535', '0', '0', '0', '183305', '0', '0', '0', '0', '0', '0', '0', '0', '', '');
INSERT INTO `items` VALUES ('1000881', '1692560', '0', '500188', '0', '0', '0', '0', '0', '0', '5599', '5599', '3', '1', '0', '0', '0', '0', '0', '0', '0', '0', '0', '0', '', '');
INSERT INTO `items` VALUES ('1000881', '97968359', '0', '183415', '0', '0', '0', '0', '0', '0', '0', '0', '0', '0', '0', '183415', '0', '0', '0', '0', '0', '0', '0', '0', '', '');
INSERT INTO `items` VALUES ('1000881', '11425508', '0', '183365', '0', '0', '0', '0', '0', '0', '65535', '65535', '0', '0', '0', '183365', '0', '0', '0', '0', '0', '0', '0', '0', '', '');
INSERT INTO `items` VALUES ('1000865', '7399098', '0', '202009', '12', '0', '1', '0', '123', '123', '6688', '6698', '5', '0', '0', '0', '0', '0', '0', '0', '0', '0', '0', '0', '', '');
INSERT INTO `items` VALUES ('1000881', '4595460', '0', '1060021', '0', '0', '0', '0', '0', '0', '1', '1', '0', '0', '0', '0', '0', '0', '0', '0', '0', '0', '0', '0', '', '');
INSERT INTO `items` VALUES ('1000865', '6274127', '0', '500329', '10', '0', '7', '255', '13', '13', '7069', '7099', '0', '0', '0', '0', '0', '0', '0', '0', '0', '0', '0', '0', '', '');
INSERT INTO `items` VALUES ('1000865', '7828184', '0', '710034', '0', '0', '0', '0', '0', '0', '1', '1', '0', '0', '0', '0', '0', '0', '0', '0', '0', '0', '0', '0', '', '');
INSERT INTO `items` VALUES ('1000865', '6126810', '0', '191305', '0', '0', '0', '0', '0', '0', '65535', '65535', '2', '0', '0', '0', '0', '0', '0', '0', '0', '0', '0', '0', '', '');
INSERT INTO `items` VALUES ('1001482', '117244074', '0', '117110', '12', '0', '7', '255', '13', '13', '0', '0', '3', '0', '0', '0', '0', '0', '0', '0', '0', '0', '0', '0', null, null);
INSERT INTO `items` VALUES ('1001482', '783781493', '0', '112109', '12', '0', '7', '255', '13', '13', '0', '0', '3', '0', '0', '0', '0', '0', '0', '0', '0', '0', '0', '0', null, null);
INSERT INTO `items` VALUES ('1001482', '769420638', '0', '160189', '12', '0', '7', '255', '13', '13', '0', '0', '3', '0', '0', '0', '0', '0', '0', '0', '0', '0', '0', '0', null, null);
INSERT INTO `items` VALUES ('1001482', '782252955', '0', '160209', '12', '0', '7', '255', '13', '13', '0', '0', '3', '0', '0', '0', '0', '0', '0', '0', '0', '0', '0', '0', null, null);
INSERT INTO `items` VALUES ('1001482', '742320871', '0', '160209', '12', '0', '7', '255', '13', '13', '0', '0', '3', '0', '0', '0', '0', '0', '0', '0', '0', '0', '0', '0', null, null);
INSERT INTO `items` VALUES ('1001482', '36046725', '0', '1072031', '0', '0', '0', '0', '0', '0', '1', '1', '0', '0', '0', '1072031', '0', '0', '0', '0', '0', '0', '0', '0', null, null);
INSERT INTO `items` VALUES ('1001482', '37108670', '0', '1080001', '0', '0', '0', '0', '0', '0', '1', '1', '0', '0', '0', '1080001', '0', '0', '0', '0', '0', '0', '0', '0', null, null);
INSERT INTO `items` VALUES ('1001482', '54787876', '0', '721080', '0', '0', '0', '0', '0', '0', '100', '100', '0', '0', '0', '721080', '0', '0', '0', '0', '0', '0', '0', '0', null, null);

-- ----------------------------
-- Table structure for `portals`
-- ----------------------------
DROP TABLE IF EXISTS `portals`;
CREATE TABLE `portals` (
  `PortalID` int(10) unsigned NOT NULL AUTO_INCREMENT,
  `StartX` int(10) unsigned DEFAULT '0',
  `StartY` int(10) unsigned DEFAULT '0',
  `StartMap` int(10) unsigned DEFAULT '0',
  `EndX` int(10) unsigned DEFAULT '0',
  `EndY` int(10) unsigned DEFAULT '0',
  `EndMap` int(10) unsigned DEFAULT '0',
  UNIQUE KEY `PortalID` (`PortalID`)
) ENGINE=MyISAM AUTO_INCREMENT=459 DEFAULT CHARSET=latin1;

-- ----------------------------
-- Records of portals
-- ----------------------------
INSERT INTO `portals` VALUES ('1', '224', '197', '1002', '1010', '710', '1015');
INSERT INTO `portals` VALUES ('2', '555', '964', '1002', '381', '21', '1020');
INSERT INTO `portals` VALUES ('3', '380', '23', '1015', '54', '81', '1013');
INSERT INTO `portals` VALUES ('4', '453', '823', '1015', '919', '559', '1020');
INSERT INTO `portals` VALUES ('5', '11', '378', '1020', '532', '529', '1012');
INSERT INTO `portals` VALUES ('6', '531', '535', '1012', '23', '383', '1020');
INSERT INTO `portals` VALUES ('7', '925', '557', '1020', '453', '819', '1011');
INSERT INTO `portals` VALUES ('8', '610', '874', '1020', '360', '10', '1075');
INSERT INTO `portals` VALUES ('9', '790', '480', '1015', '189', '549', '1078');
INSERT INTO `portals` VALUES ('10', '180', '546', '1078', '789', '484', '1015');
INSERT INTO `portals` VALUES ('11', '760', '510', '1015', '534', '693', '1015');
INSERT INTO `portals` VALUES ('12', '438', '659', '1015', '346', '582', '1015');
INSERT INTO `portals` VALUES ('13', '340', '554', '1015', '511', '533', '1015');
INSERT INTO `portals` VALUES ('14', '443', '586', '1015', '485', '675', '1015');
INSERT INTO `portals` VALUES ('15', '538', '690', '1015', '759', '513', '1015');
INSERT INTO `portals` VALUES ('16', '485', '783', '1015', '570', '853', '1015');
INSERT INTO `portals` VALUES ('17', '565', '852', '1015', '649', '837', '1015');
INSERT INTO `portals` VALUES ('18', '644', '838', '1015', '531', '593', '1015');
INSERT INTO `portals` VALUES ('19', '587', '601', '1015', '584', '674', '1015');
INSERT INTO `portals` VALUES ('20', '588', '679', '1015', '742', '843', '1015');
INSERT INTO `portals` VALUES ('21', '741', '837', '1015', '722', '926', '1015');
INSERT INTO `portals` VALUES ('22', '668', '909', '1015', '564', '800', '1015');
INSERT INTO `portals` VALUES ('23', '297', '597', '1015', '195', '418', '1015');
INSERT INTO `portals` VALUES ('24', '154', '414', '1015', '199', '484', '1015');
INSERT INTO `portals` VALUES ('25', '206', '487', '1015', '294', '563', '1015');
INSERT INTO `portals` VALUES ('26', '5', '377', '1015', '958', '555', '1002');
INSERT INTO `portals` VALUES ('27', '402', '388', '1002', '51', '70', '1004');
INSERT INTO `portals` VALUES ('28', '78', '320', '1000', '312', '646', '1001');
INSERT INTO `portals` VALUES ('29', '313', '652', '1001', '85', '323', '1000');
INSERT INTO `portals` VALUES ('30', '5', '377', '1011', '958', '555', '1002');
INSERT INTO `portals` VALUES ('31', '976', '668', '1000', '69', '473', '1002');
INSERT INTO `portals` VALUES ('32', '377', '9', '1020', '555', '957', '1002');
INSERT INTO `portals` VALUES ('33', '448', '823', '1011', '919', '559', '1020');
INSERT INTO `portals` VALUES ('34', '157', '90', '1028', '53', '399', '1002');
INSERT INTO `portals` VALUES ('35', '380', '24', '1011', '80', '40', '1014');
INSERT INTO `portals` VALUES ('36', '55', '87', '1013', '485', '582', '1000');
INSERT INTO `portals` VALUES ('37', '58', '22', '1013', '60', '40', '1013');
INSERT INTO `portals` VALUES ('38', '79', '33', '1014', '380', '30', '1011');
INSERT INTO `portals` VALUES ('39', '311', '464', '1015', '511', '533', '1015');
INSERT INTO `portals` VALUES ('40', '355', '443', '1015', '285', '352', '1015');
INSERT INTO `portals` VALUES ('41', '287', '358', '1015', '288', '260', '1015');
INSERT INTO `portals` VALUES ('42', '281', '255', '1015', '200', '224', '1015');
INSERT INTO `portals` VALUES ('43', '201', '229', '1015', '150', '311', '1015');
INSERT INTO `portals` VALUES ('44', '154', '306', '1015', '200', '224', '1015');
INSERT INTO `portals` VALUES ('45', '475', '347', '1015', '344', '206', '1015');
INSERT INTO `portals` VALUES ('46', '374', '222', '1015', '411', '333', '1015');
INSERT INTO `portals` VALUES ('47', '372', '165', '1015', '455', '211', '1015');
INSERT INTO `portals` VALUES ('48', '462', '215', '1015', '496', '280', '1015');
INSERT INTO `portals` VALUES ('49', '496', '288', '1015', '611', '390', '1015');
INSERT INTO `portals` VALUES ('50', '612', '398', '1015', '570', '460', '1015');
INSERT INTO `portals` VALUES ('51', '23', '29', '1008', '419', '356', '1002');
INSERT INTO `portals` VALUES ('52', '360', '5', '1075', '607', '870', '1020');
INSERT INTO `portals` VALUES ('53', '926', '557', '1020', '453', '819', '1011');
INSERT INTO `portals` VALUES ('54', '11', '377', '1020', '527', '532', '1012');
INSERT INTO `portals` VALUES ('55', '378', '9', '1020', '555', '960', '1002');
INSERT INTO `portals` VALUES ('56', '51', '73', '1005', '459', '294', '1002');
INSERT INTO `portals` VALUES ('57', '668', '908', '1015', '564', '800', '1015');
INSERT INTO `portals` VALUES ('58', '486', '783', '1015', '570', '853', '1015');
INSERT INTO `portals` VALUES ('59', '202', '230', '1015', '150', '311', '1015');
INSERT INTO `portals` VALUES ('60', '537', '690', '1015', '759', '513', '1015');
INSERT INTO `portals` VALUES ('61', '355', '442', '1015', '205', '329', '1015');
INSERT INTO `portals` VALUES ('62', '366', '165', '1015', '496', '280', '1015');
INSERT INTO `portals` VALUES ('63', '760', '511', '1015', '532', '691', '1015');
INSERT INTO `portals` VALUES ('64', '789', '480', '1015', '169', '363', '1015');
INSERT INTO `portals` VALUES ('65', '1018', '710', '1015', '232', '190', '1002');
INSERT INTO `portals` VALUES ('66', '496', '287', '1015', '609', '390', '1015');
INSERT INTO `portals` VALUES ('67', '612', '397', '1015', '698', '520', '1015');
INSERT INTO `portals` VALUES ('68', '231', '431', '1015', '389', '499', '1015');
INSERT INTO `portals` VALUES ('69', '437', '658', '1015', '345', '597', '1015');
INSERT INTO `portals` VALUES ('70', '375', '223', '1015', '410', '332', '1015');
INSERT INTO `portals` VALUES ('71', '588', '602', '1015', '584', '674', '1015');
INSERT INTO `portals` VALUES ('72', '299', '202', '1015', '288', '260', '1015');
INSERT INTO `portals` VALUES ('73', '476', '348', '1015', '344', '206', '1015');
INSERT INTO `portals` VALUES ('74', '340', '558', '1015', '511', '533', '1015');
INSERT INTO `portals` VALUES ('75', '296', '598', '1015', '195', '418', '1015');
INSERT INTO `portals` VALUES ('76', '281', '254', '1015', '200', '224', '1015');
INSERT INTO `portals` VALUES ('77', '565', '851', '1015', '649', '837', '1015');
INSERT INTO `portals` VALUES ('78', '645', '838', '1015', '531', '593', '1015');
INSERT INTO `portals` VALUES ('79', '588', '680', '1015', '742', '843', '1015');
INSERT INTO `portals` VALUES ('80', '206', '488', '1015', '294', '561', '1015');
INSERT INTO `portals` VALUES ('81', '740', '837', '1015', '722', '926', '1015');
INSERT INTO `portals` VALUES ('82', '311', '463', '1015', '511', '533', '1015');
INSERT INTO `portals` VALUES ('83', '154', '307', '1015', '200', '224', '1015');
INSERT INTO `portals` VALUES ('84', '155', '415', '1015', '199', '484', '1015');
INSERT INTO `portals` VALUES ('85', '77', '319', '1000', '312', '646', '1001');
INSERT INTO `portals` VALUES ('86', '164', '471', '1000', '755', '872', '1077');
INSERT INTO `portals` VALUES ('87', '977', '668', '1000', '74', '464', '1002');
INSERT INTO `portals` VALUES ('88', '136', '99', '1027', '312', '11', '1000');
INSERT INTO `portals` VALUES ('89', '136', '99', '1026', '528', '890', '1020');
INSERT INTO `portals` VALUES ('90', '51', '73', '1511', '430', '380', '1002');
INSERT INTO `portals` VALUES ('91', '22', '29', '1009', '430', '380', '1002');
INSERT INTO `portals` VALUES ('92', '156', '90', '1028', '53', '399', '1002');
INSERT INTO `portals` VALUES ('93', '191', '163', '1101', '430', '380', '1002');
INSERT INTO `portals` VALUES ('94', '37', '58', '1042', '342', '723', '1002');
INSERT INTO `portals` VALUES ('95', '756', '877', '1077', '161', '466', '1000');
INSERT INTO `portals` VALUES ('96', '3', '361', '1076', '851', '482', '1011');
INSERT INTO `portals` VALUES ('97', '448', '822', '1011', '919', '559', '1020');
INSERT INTO `portals` VALUES ('98', '855', '482', '1011', '7', '361', '1076');
INSERT INTO `portals` VALUES ('99', '379', '23', '1011', '54', '81', '1013');
INSERT INTO `portals` VALUES ('100', '5', '376', '1011', '958', '555', '1002');
INSERT INTO `portals` VALUES ('101', '77', '32', '1014', '59', '28', '1013');
INSERT INTO `portals` VALUES ('102', '137', '90', '1014', '50', '82', '1016');
INSERT INTO `portals` VALUES ('103', '50', '88', '1016', '133', '89', '1014');
INSERT INTO `portals` VALUES ('104', '56', '87', '1013', '379', '28', '1011');
INSERT INTO `portals` VALUES ('105', '57', '21', '1013', '81', '41', '1014');
INSERT INTO `portals` VALUES ('106', '51', '73', '1004', '402', '391', '1002');
INSERT INTO `portals` VALUES ('107', '25', '28', '1007', '430', '380', '1002');
INSERT INTO `portals` VALUES ('108', '22', '29', '1008', '430', '380', '1002');
INSERT INTO `portals` VALUES ('109', '531', '534', '1012', '16', '379', '1020');
INSERT INTO `portals` VALUES ('110', '41', '31', '1006', '386', '391', '1002');
INSERT INTO `portals` VALUES ('111', '223', '196', '1002', '1010', '710', '1015');
INSERT INTO `portals` VALUES ('112', '44', '394', '1002', '157', '95', '1028');
INSERT INTO `portals` VALUES ('113', '963', '557', '1002', '11', '376', '1011');
INSERT INTO `portals` VALUES ('114', '401', '387', '1002', '51', '70', '1004');
INSERT INTO `portals` VALUES ('115', '382', '387', '1002', '37', '31', '1006');
INSERT INTO `portals` VALUES ('116', '27', '65', '1025', '930', '563', '1011');
INSERT INTO `portals` VALUES ('117', '33', '43', '1098', '199', '91', '1036');
INSERT INTO `portals` VALUES ('118', '53', '86', '1099', '199', '91', '1036');
INSERT INTO `portals` VALUES ('119', '191', '163', '1100', '430', '380', '1002');
INSERT INTO `portals` VALUES ('120', '191', '163', '1102', '430', '380', '1002');
INSERT INTO `portals` VALUES ('121', '191', '163', '1103', '430', '380', '1002');
INSERT INTO `portals` VALUES ('122', '191', '163', '1104', '430', '380', '1002');
INSERT INTO `portals` VALUES ('123', '191', '163', '1105', '430', '380', '1002');
INSERT INTO `portals` VALUES ('124', '191', '163', '1106', '430', '380', '1002');
INSERT INTO `portals` VALUES ('125', '191', '163', '1107', '430', '380', '1002');
INSERT INTO `portals` VALUES ('126', '191', '163', '1108', '430', '380', '1002');
INSERT INTO `portals` VALUES ('127', '191', '163', '1109', '430', '380', '1002');
INSERT INTO `portals` VALUES ('128', '3', '160', '1204', '949', '479', '1216');
INSERT INTO `portals` VALUES ('129', '954', '479', '1216', '8', '161', '1204');
INSERT INTO `portals` VALUES ('130', '1355', '1199', '1204', '9', '282', '1213');
INSERT INTO `portals` VALUES ('131', '4', '281', '1213', '1350', '1199', '1204');
INSERT INTO `portals` VALUES ('132', '1075', '798', '1213', '8', '201', '1201');
INSERT INTO `portals` VALUES ('133', '3', '201', '1201', '1070', '798', '1213');
INSERT INTO `portals` VALUES ('134', '594', '397', '1201', '9', '302', '1202');
INSERT INTO `portals` VALUES ('135', '3', '301', '1202', '589', '397', '1201');
INSERT INTO `portals` VALUES ('136', '694', '398', '1202', '8', '160', '1205');
INSERT INTO `portals` VALUES ('137', '3', '160', '1205', '689', '398', '1202');
INSERT INTO `portals` VALUES ('138', '1355', '1198', '1205', '361', '12', '1077');
INSERT INTO `portals` VALUES ('139', '479', '954', '1216', '641', '9', '1214');
INSERT INTO `portals` VALUES ('140', '635', '3', '1214', '478', '949', '1216');
INSERT INTO `portals` VALUES ('141', '799', '1434', '1214', '360', '10', '7020');
INSERT INTO `portals` VALUES ('142', '360', '5', '7020', '797', '1428', '1214');
INSERT INTO `portals` VALUES ('143', '480', '3', '1216', '8', '377', '1215');
INSERT INTO `portals` VALUES ('144', '3', '376', '1215', '482', '9', '1216');
INSERT INTO `portals` VALUES ('145', '938', '567', '1215', '957', '1209', '1207');
INSERT INTO `portals` VALUES ('146', '958', '1214', '1207', '933', '567', '1215');
INSERT INTO `portals` VALUES ('147', '260', '4', '1207', '9', '501', '1208');
INSERT INTO `portals` VALUES ('148', '3', '500', '1208', '261', '10', '1207');
INSERT INTO `portals` VALUES ('149', '4', '329', '1210', '1013', '1290', '1212');
INSERT INTO `portals` VALUES ('150', '955', '558', '1211', '10', '330', '1210');
INSERT INTO `portals` VALUES ('151', '3', '400', '1211', '1003', '1278', '1212');
INSERT INTO `portals` VALUES ('152', '1015', '1295', '1212', '8', '328', '1210');
INSERT INTO `portals` VALUES ('153', '1015', '1295', '7010', '376', '38', '1212');
INSERT INTO `portals` VALUES ('154', '313', '652', '7000', '674', '344', '1001');
INSERT INTO `portals` VALUES ('155', '906', '1041', '1212', '942', '1012', '1212');
INSERT INTO `portals` VALUES ('156', '942', '1015', '1212', '903', '1041', '1212');
INSERT INTO `portals` VALUES ('157', '1025', '1038', '1212', '1087', '1124', '1212');
INSERT INTO `portals` VALUES ('158', '1083', '1120', '1212', '1022', '1035', '1212');
INSERT INTO `portals` VALUES ('159', '896', '891', '1212', '871', '853', '1212');
INSERT INTO `portals` VALUES ('160', '872', '847', '1212', '900', '826', '1212');
INSERT INTO `portals` VALUES ('161', '898', '828', '1212', '872', '850', '1212');
INSERT INTO `portals` VALUES ('162', '1049', '838', '1212', '1138', '895', '1212');
INSERT INTO `portals` VALUES ('163', '1135', '892', '1212', '1046', '835', '1212');
INSERT INTO `portals` VALUES ('164', '846', '555', '1212', '834', '455', '1212');
INSERT INTO `portals` VALUES ('165', '837', '458', '1212', '846', '558', '1212');
INSERT INTO `portals` VALUES ('166', '810', '677', '1212', '690', '667', '1212');
INSERT INTO `portals` VALUES ('167', '693', '667', '1212', '813', '677', '1212');
INSERT INTO `portals` VALUES ('168', '710', '377', '1212', '674', '418', '1212');
INSERT INTO `portals` VALUES ('169', '674', '415', '1212', '713', '377', '1212');
INSERT INTO `portals` VALUES ('170', '620', '399', '1212', '611', '311', '1212');
INSERT INTO `portals` VALUES ('171', '861', '846', '1212', '808', '823', '1212');
INSERT INTO `portals` VALUES ('172', '811', '826', '1212', '864', '846', '1212');
INSERT INTO `portals` VALUES ('173', '781', '841', '1212', '705', '921', '1212');
INSERT INTO `portals` VALUES ('174', '708', '921', '1212', '781', '838', '1212');
INSERT INTO `portals` VALUES ('175', '580', '824', '1212', '539', '752', '1212');
INSERT INTO `portals` VALUES ('176', '542', '755', '1212', '582', '827', '1212');
INSERT INTO `portals` VALUES ('177', '476', '688', '1212', '369', '651', '1212');
INSERT INTO `portals` VALUES ('178', '372', '651', '1212', '479', '691', '1212');
INSERT INTO `portals` VALUES ('179', '352', '512', '1212', '404', '451', '1212');
INSERT INTO `portals` VALUES ('180', '404', '454', '1212', '349', '512', '1212');
INSERT INTO `portals` VALUES ('181', '392', '387', '1212', '335', '282', '1212');
INSERT INTO `portals` VALUES ('182', '338', '285', '1212', '395', '390', '1212');
INSERT INTO `portals` VALUES ('183', '310', '171', '1212', '378', '153', '1212');
INSERT INTO `portals` VALUES ('184', '375', '153', '1212', '310', '174', '1212');
INSERT INTO `portals` VALUES ('185', '614', '314', '1212', '623', '402', '1212');
INSERT INTO `portals` VALUES ('186', '906', '1041', '7010', '942', '1012', '7010');
INSERT INTO `portals` VALUES ('187', '942', '1015', '7010', '903', '1041', '7010');
INSERT INTO `portals` VALUES ('188', '1025', '1038', '7010', '1087', '1124', '7010');
INSERT INTO `portals` VALUES ('189', '1083', '1120', '7010', '1022', '1035', '7010');
INSERT INTO `portals` VALUES ('190', '896', '891', '7010', '871', '853', '7010');
INSERT INTO `portals` VALUES ('191', '872', '847', '7010', '900', '826', '7010');
INSERT INTO `portals` VALUES ('192', '898', '828', '7010', '872', '850', '7010');
INSERT INTO `portals` VALUES ('193', '1049', '838', '7010', '1138', '895', '7010');
INSERT INTO `portals` VALUES ('194', '1135', '892', '7010', '1046', '835', '7010');
INSERT INTO `portals` VALUES ('195', '846', '555', '7010', '834', '455', '7010');
INSERT INTO `portals` VALUES ('196', '837', '458', '7010', '846', '558', '7010');
INSERT INTO `portals` VALUES ('197', '810', '677', '7010', '690', '667', '7010');
INSERT INTO `portals` VALUES ('198', '693', '667', '7010', '813', '677', '7010');
INSERT INTO `portals` VALUES ('199', '710', '377', '7010', '674', '418', '7010');
INSERT INTO `portals` VALUES ('200', '674', '415', '7010', '713', '377', '7010');
INSERT INTO `portals` VALUES ('201', '620', '399', '7010', '611', '311', '7010');
INSERT INTO `portals` VALUES ('202', '861', '846', '7010', '808', '823', '7010');
INSERT INTO `portals` VALUES ('203', '811', '826', '7010', '864', '846', '7010');
INSERT INTO `portals` VALUES ('204', '781', '841', '7010', '705', '921', '7010');
INSERT INTO `portals` VALUES ('205', '708', '921', '7010', '781', '838', '7010');
INSERT INTO `portals` VALUES ('206', '580', '824', '7010', '539', '752', '7010');
INSERT INTO `portals` VALUES ('207', '542', '755', '7010', '582', '827', '7010');
INSERT INTO `portals` VALUES ('208', '476', '688', '7010', '369', '651', '7010');
INSERT INTO `portals` VALUES ('209', '372', '651', '7010', '479', '691', '7010');
INSERT INTO `portals` VALUES ('210', '352', '512', '7010', '404', '451', '7010');
INSERT INTO `portals` VALUES ('211', '404', '454', '7010', '349', '512', '7010');
INSERT INTO `portals` VALUES ('212', '392', '387', '7010', '335', '282', '7010');
INSERT INTO `portals` VALUES ('213', '338', '285', '7010', '395', '390', '7010');
INSERT INTO `portals` VALUES ('214', '310', '171', '7010', '378', '153', '7010');
INSERT INTO `portals` VALUES ('215', '375', '153', '7010', '310', '174', '7010');
INSERT INTO `portals` VALUES ('216', '614', '314', '7010', '623', '402', '7010');
INSERT INTO `portals` VALUES ('217', '114', '162', '1025', '72', '15', '4401');
INSERT INTO `portals` VALUES ('218', '73', '13', '4401', '113', '155', '1025');
INSERT INTO `portals` VALUES ('219', '114', '162', '4401', '72', '15', '4402');
INSERT INTO `portals` VALUES ('220', '73', '13', '4402', '113', '155', '4401');
INSERT INTO `portals` VALUES ('221', '114', '162', '4402', '72', '15', '4700');
INSERT INTO `portals` VALUES ('222', '168', '111', '4402', '15', '77', '4600');
INSERT INTO `portals` VALUES ('223', '13', '78', '4600', '162', '111', '4402');
INSERT INTO `portals` VALUES ('224', '168', '111', '4401', '15', '77', '4501');
INSERT INTO `portals` VALUES ('225', '13', '78', '4501', '162', '111', '4401');
INSERT INTO `portals` VALUES ('226', '114', '162', '4501', '72', '15', '4701');
INSERT INTO `portals` VALUES ('227', '73', '13', '4701', '113', '155', '4501');
INSERT INTO `portals` VALUES ('228', '15', '77', '4601', '162', '111', '4402');
INSERT INTO `portals` VALUES ('229', '168', '111', '1025', '15', '77', '4502');
INSERT INTO `portals` VALUES ('230', '13', '78', '4502', '162', '111', '1025');
INSERT INTO `portals` VALUES ('231', '168', '111', '4502', '15', '77', '4503');
INSERT INTO `portals` VALUES ('232', '13', '78', '4503', '162', '111', '4502');
INSERT INTO `portals` VALUES ('233', '168', '111', '4503', '15', '77', '4602');
INSERT INTO `portals` VALUES ('234', '13', '78', '4602', '162', '111', '4503');
INSERT INTO `portals` VALUES ('235', '114', '162', '4503', '72', '15', '4702');
INSERT INTO `portals` VALUES ('236', '73', '13', '4702', '113', '155', '4503');
INSERT INTO `portals` VALUES ('237', '114', '162', '4502', '15', '77', '4506');
INSERT INTO `portals` VALUES ('238', '13', '78', '4506', '113', '155', '4502');
INSERT INTO `portals` VALUES ('239', '168', '111', '4506', '15', '77', '4603');
INSERT INTO `portals` VALUES ('240', '13', '78', '4603', '162', '111', '4506');
INSERT INTO `portals` VALUES ('241', '114', '162', '4506', '72', '15', '4703');
INSERT INTO `portals` VALUES ('242', '73', '13', '4703', '113', '155', '4506');
INSERT INTO `portals` VALUES ('243', '49', '39', '1615', '441', '439', '1002');
INSERT INTO `portals` VALUES ('244', '272', '177', '1082', '189', '233', '1082');
INSERT INTO `portals` VALUES ('245', '182', '283', '1082', '189', '233', '1082');
INSERT INTO `portals` VALUES ('246', '308', '284', '1082', '189', '233', '1082');
INSERT INTO `portals` VALUES ('247', '100', '172', '1082', '189', '233', '1082');
INSERT INTO `portals` VALUES ('258', '52', '74', '1707', '430', '380', '1002');
INSERT INTO `portals` VALUES ('259', '333', '342', '1037', '238', '118', '1037');
INSERT INTO `portals` VALUES ('260', '70', '44', '1021', '72', '93', '1037');

-- ----------------------------
-- Table structure for `profs`
-- ----------------------------
DROP TABLE IF EXISTS `profs`;
CREATE TABLE `profs` (
  `EntityID` bigint(18) unsigned NOT NULL,
  `Type` varchar(11) NOT NULL,
  `ID` mediumint(10) unsigned NOT NULL,
  `Level` smallint(5) unsigned NOT NULL,
  `Experience` bigint(10) unsigned DEFAULT '0',
  `PreviousLevel` smallint(5) unsigned DEFAULT '0' COMMENT 'Used after reborn'
) ENGINE=MyISAM DEFAULT CHARSET=latin1;

-- ----------------------------
-- Records of profs
-- ----------------------------
INSERT INTO `profs` VALUES ('1001482', 'prof', '460', '20', '0', '0');
INSERT INTO `profs` VALUES ('1000881', 'prof', '105', '20', '0', '0');
INSERT INTO `profs` VALUES ('1000881', 'prof', '480', '20', '0', '0');
INSERT INTO `profs` VALUES ('1001482', 'prof', '601', '4', '990', '0');
INSERT INTO `profs` VALUES ('1001482', 'prof', '421', '0', '0', '0');
INSERT INTO `profs` VALUES ('1000865', 'prof', '410', '20', '0', '0');
INSERT INTO `profs` VALUES ('1001482', 'prof', '560', '20', '0', '0');
INSERT INTO `profs` VALUES ('1001482', 'prof', '900', '20', '0', '0');
INSERT INTO `profs` VALUES ('1000881', 'prof', '481', '20', '0', '0');
INSERT INTO `profs` VALUES ('1000881', 'prof', '490', '20', '0', '0');
INSERT INTO `profs` VALUES ('1000881', 'prof', '460', '20', '0', '0');
INSERT INTO `profs` VALUES ('1000881', 'prof', '561', '20', '0', '0');
INSERT INTO `profs` VALUES ('1000881', 'prof', '430', '20', '0', '0');
INSERT INTO `profs` VALUES ('1001482', 'prof', '430', '20', '0', '0');
INSERT INTO `profs` VALUES ('1000881', 'prof', '601', '20', '0', '0');
INSERT INTO `profs` VALUES ('1000881', 'prof', '420', '20', '0', '0');
INSERT INTO `profs` VALUES ('1000881', 'prof', '500', '20', '0', '0');
INSERT INTO `profs` VALUES ('1000881', 'prof', '410', '20', '0', '0');
INSERT INTO `profs` VALUES ('1000865', 'prof', '480', '20', '0', '0');
INSERT INTO `profs` VALUES ('1000865', 'prof', '420', '20', '0', '0');
INSERT INTO `profs` VALUES ('1001482', 'prof', '420', '20', '0', '0');
INSERT INTO `profs` VALUES ('1001482', 'prof', '410', '20', '0', '0');
INSERT INTO `profs` VALUES ('1001482', 'prof', '480', '20', '0', '0');
INSERT INTO `profs` VALUES ('1000865', 'prof', '500', '20', '0', '0');
INSERT INTO `profs` VALUES ('1000865', 'prof', '105', '20', '0', '0');
INSERT INTO `profs` VALUES ('1000865', 'prof', '610', '20', '0', '0');
INSERT INTO `profs` VALUES ('1000881', 'prof', '610', '20', '0', '0');
INSERT INTO `profs` VALUES ('1001482', 'prof', '500', '20', '0', '0');
INSERT INTO `profs` VALUES ('1001482', 'prof', '105', '20', '0', '0');

-- ----------------------------
-- Table structure for `skills`
-- ----------------------------
DROP TABLE IF EXISTS `skills`;
CREATE TABLE `skills` (
  `EntityID` bigint(18) unsigned NOT NULL,
  `Type` varchar(11) NOT NULL,
  `ID` mediumint(10) unsigned NOT NULL,
  `Level` smallint(5) unsigned NOT NULL,
  `Experience` bigint(10) unsigned DEFAULT '0',
  `PreviousLevel` smallint(5) unsigned DEFAULT '0' COMMENT 'Used after reborn'
) ENGINE=MyISAM DEFAULT CHARSET=latin1;

-- ----------------------------
-- Records of skills
-- ----------------------------
INSERT INTO `skills` VALUES ('1000865', 'spell', '1095', '4', '0', '0');
INSERT INTO `skills` VALUES ('1000865', 'spell', '1090', '4', '0', '0');
INSERT INTO `skills` VALUES ('1000865', 'spell', '8329', '1', '0', '0');
INSERT INTO `skills` VALUES ('1000865', 'spell', '1085', '4', '0', '0');
INSERT INTO `skills` VALUES ('1000865', 'spell', '1075', '4', '0', '0');
INSERT INTO `skills` VALUES ('1000865', 'spell', '2514', '1', '0', '0');
INSERT INTO `skills` VALUES ('1000865', 'spell', '8047', '1', '0', '0');
INSERT INTO `skills` VALUES ('1000865', 'spell', '1310', '1', '0', '0');
INSERT INTO `skills` VALUES ('1000865', 'spell', '1300', '1', '0', '0');
INSERT INTO `skills` VALUES ('1000865', 'spell', '1220', '1', '0', '0');
INSERT INTO `skills` VALUES ('1000865', 'spell', '1180', '1', '567800', '0');
INSERT INTO `skills` VALUES ('1000865', 'spell', '1170', '1', '268000', '0');
INSERT INTO `skills` VALUES ('1000865', 'spell', '200', '4', '0', '0');
INSERT INTO `skills` VALUES ('1000865', 'spell', '6002', '4', '0', '0');
INSERT INTO `skills` VALUES ('1000865', 'spell', '5135', '1', '0', '0');
INSERT INTO `skills` VALUES ('1000865', 'spell', '1045', '4', '0', '0');
INSERT INTO `skills` VALUES ('1000865', 'spell', '5132', '1', '0', '0');
INSERT INTO `skills` VALUES ('1000865', 'spell', '1100', '0', '0', '0');
INSERT INTO `skills` VALUES ('1000865', 'spell', '7000', '9', '0', '0');
INSERT INTO `skills` VALUES ('1000865', 'spell', '6005', '4', '0', '0');
INSERT INTO `skills` VALUES ('1000865', 'spell', '6001', '4', '0', '0');
INSERT INTO `skills` VALUES ('1000865', 'spell', '6004', '0', '0', '0');
INSERT INTO `skills` VALUES ('1000865', 'spell', '1015', '0', '0', '0');
INSERT INTO `skills` VALUES ('1000865', 'spell', '7001', '0', '0', '0');
INSERT INTO `skills` VALUES ('1000865', 'spell', '1110', '0', '0', '0');
INSERT INTO `skills` VALUES ('1000865', 'spell', '6010', '0', '0', '0');
INSERT INTO `skills` VALUES ('1000865', 'spell', '6011', '0', '0', '0');
INSERT INTO `skills` VALUES ('1000865', 'spell', '5000', '0', '0', '0');
INSERT INTO `skills` VALUES ('1000865', 'spell', '9876', '0', '0', '0');
INSERT INTO `skills` VALUES ('1000865', 'spell', '8001', '5', '0', '0');
INSERT INTO `skills` VALUES ('1000865', 'spell', '6000', '4', '0', '0');
INSERT INTO `skills` VALUES ('1000865', 'spell', '8002', '0', '0', '0');
INSERT INTO `skills` VALUES ('1000865', 'spell', '1000', '4', '0', '0');
INSERT INTO `skills` VALUES ('1000865', 'spell', '1046', '4', '0', '0');
INSERT INTO `skills` VALUES ('1000881', 'spell', '1000', '4', '0', '0');
INSERT INTO `skills` VALUES ('1000881', 'spell', '8002', '0', '0', '0');
INSERT INTO `skills` VALUES ('1000881', 'spell', '6000', '4', '0', '0');
INSERT INTO `skills` VALUES ('1000881', 'spell', '8001', '5', '0', '0');
INSERT INTO `skills` VALUES ('1000881', 'spell', '9876', '0', '0', '0');
INSERT INTO `skills` VALUES ('1000881', 'spell', '5000', '0', '0', '0');
INSERT INTO `skills` VALUES ('1000881', 'spell', '6011', '0', '0', '0');
INSERT INTO `skills` VALUES ('1000881', 'spell', '6010', '0', '0', '0');
INSERT INTO `skills` VALUES ('1000881', 'spell', '1110', '0', '0', '0');
INSERT INTO `skills` VALUES ('1000881', 'spell', '7001', '0', '0', '0');
INSERT INTO `skills` VALUES ('1000881', 'spell', '1015', '0', '0', '0');
INSERT INTO `skills` VALUES ('1000881', 'spell', '6004', '0', '0', '0');
INSERT INTO `skills` VALUES ('1000881', 'spell', '6001', '4', '0', '0');
INSERT INTO `skills` VALUES ('1001482', 'spell', '1015', '0', '0', '0');
INSERT INTO `skills` VALUES ('1001482', 'spell', '1195', '0', '360000', '0');
INSERT INTO `skills` VALUES ('1001482', 'spell', '1095', '4', '0', '0');
INSERT INTO `skills` VALUES ('1001482', 'spell', '1090', '4', '0', '0');
INSERT INTO `skills` VALUES ('1001482', 'spell', '1085', '3', '0', '0');
INSERT INTO `skills` VALUES ('1001482', 'spell', '1005', '3', '60000', '0');
INSERT INTO `skills` VALUES ('1001482', 'spell', '1040', '0', '0', '0');
INSERT INTO `skills` VALUES ('1001482', 'spell', '3060', '0', '0', '0');
INSERT INTO `skills` VALUES ('1001482', 'spell', '1320', '2', '0', '0');
INSERT INTO `skills` VALUES ('1001482', 'spell', '9876', '0', '0', '0');
INSERT INTO `skills` VALUES ('1001482', 'spell', '1110', '0', '0', '0');
INSERT INTO `skills` VALUES ('1001482', 'spell', '1115', '4', '0', '0');
INSERT INTO `skills` VALUES ('1001482', 'spell', '1190', '0', '140000', '0');
INSERT INTO `skills` VALUES ('1001482', 'spell', '1270', '4', '0', '0');
INSERT INTO `skills` VALUES ('1001482', 'spell', '1045', '4', '0', '0');
INSERT INTO `skills` VALUES ('1001482', 'spell', '1046', '4', '0', '0');
INSERT INTO `skills` VALUES ('1001482', 'spell', '5030', '2', '50000', '0');
INSERT INTO `skills` VALUES ('1001482', 'spell', '7020', '9', '0', '0');
INSERT INTO `skills` VALUES ('1001482', 'spell', '7001', '0', '0', '0');
INSERT INTO `skills` VALUES ('1001482', 'spell', '7002', '0', '0', '0');
INSERT INTO `skills` VALUES ('1001482', 'spell', '7003', '0', '0', '0');
INSERT INTO `skills` VALUES ('1001482', 'spell', '1000', '4', '0', '0');
INSERT INTO `skills` VALUES ('1000881', 'spell', '6005', '4', '0', '0');
INSERT INTO `skills` VALUES ('1000881', 'spell', '7000', '9', '0', '0');
INSERT INTO `skills` VALUES ('1000881', 'spell', '1100', '0', '0', '0');
INSERT INTO `skills` VALUES ('1000881', 'spell', '5132', '1', '0', '0');
INSERT INTO `skills` VALUES ('1000881', 'spell', '1045', '4', '0', '0');
INSERT INTO `skills` VALUES ('1000881', 'spell', '5135', '1', '0', '0');
INSERT INTO `skills` VALUES ('1000881', 'spell', '6002', '4', '0', '0');
INSERT INTO `skills` VALUES ('1000881', 'spell', '200', '4', '0', '0');
INSERT INTO `skills` VALUES ('1000881', 'spell', '1170', '1', '40000', '0');
INSERT INTO `skills` VALUES ('1000881', 'spell', '1180', '1', '1213820', '0');
INSERT INTO `skills` VALUES ('1000881', 'spell', '1220', '1', '0', '0');
INSERT INTO `skills` VALUES ('1000881', 'spell', '1300', '1', '0', '0');
INSERT INTO `skills` VALUES ('1000881', 'spell', '1310', '1', '0', '0');
INSERT INTO `skills` VALUES ('1000881', 'spell', '8047', '1', '0', '0');
INSERT INTO `skills` VALUES ('1000881', 'spell', '2514', '1', '0', '0');
INSERT INTO `skills` VALUES ('1000881', 'spell', '1075', '4', '0', '0');
INSERT INTO `skills` VALUES ('1000881', 'spell', '1085', '4', '0', '0');
INSERT INTO `skills` VALUES ('1000881', 'spell', '8329', '1', '0', '0');
INSERT INTO `skills` VALUES ('1000865', 'spell', '7020', '9', '0', '0');
INSERT INTO `skills` VALUES ('1000881', 'spell', '1090', '4', '0', '0');
INSERT INTO `skills` VALUES ('1000881', 'spell', '1095', '4', '0', '0');
INSERT INTO `skills` VALUES ('1001482', 'spell', '6004', '4', '0', '0');
INSERT INTO `skills` VALUES ('1001482', 'spell', '6002', '4', '0', '0');
INSERT INTO `skills` VALUES ('1000865', 'spell', '10490', '3', '0', '0');
INSERT INTO `skills` VALUES ('1000865', 'spell', '10415', '4', '0', '0');
INSERT INTO `skills` VALUES ('1000865', 'spell', '10310', '4', '0', '0');
INSERT INTO `skills` VALUES ('1000865', 'spell', '10313', '4', '0', '0');
INSERT INTO `skills` VALUES ('1000881', 'spell', '10381', '4', '0', '0');
INSERT INTO `skills` VALUES ('1000881', 'spell', '10390', '8', '0', '0');
INSERT INTO `skills` VALUES ('1000881', 'spell', '10395', '0', '0', '0');
INSERT INTO `skills` VALUES ('1000881', 'spell', '10490', '0', '0', '0');
INSERT INTO `skills` VALUES ('1000881', 'spell', '10400', '0', '0', '0');
INSERT INTO `skills` VALUES ('1000881', 'spell', '10405', '5', '0', '0');
INSERT INTO `skills` VALUES ('1000881', 'spell', '10410', '0', '0', '0');
INSERT INTO `skills` VALUES ('1000881', 'spell', '10415', '4', '0', '0');
INSERT INTO `skills` VALUES ('1000881', 'spell', '10425', '0', '0', '0');
INSERT INTO `skills` VALUES ('1000881', 'spell', '10430', '0', '0', '0');
INSERT INTO `skills` VALUES ('1000881', 'spell', '10420', '0', '0', '0');
INSERT INTO `skills` VALUES ('1000881', 'spell', '10421', '0', '0', '0');
INSERT INTO `skills` VALUES ('1000881', 'spell', '10422', '0', '0', '0');
INSERT INTO `skills` VALUES ('1000881', 'spell', '10423', '0', '0', '0');
INSERT INTO `skills` VALUES ('1000881', 'spell', '10424', '0', '0', '0');
INSERT INTO `skills` VALUES ('1000881', 'spell', '10315', '0', '0', '0');
INSERT INTO `skills` VALUES ('1000881', 'spell', '10310', '4', '0', '0');
INSERT INTO `skills` VALUES ('1000881', 'spell', '10313', '0', '0', '0');
INSERT INTO `skills` VALUES ('1000881', 'spell', '30000', '0', '0', '0');
INSERT INTO `skills` VALUES ('1000881', 'spell', '30010', '0', '0', '0');
INSERT INTO `skills` VALUES ('1000881', 'spell', '30011', '0', '0', '0');
INSERT INTO `skills` VALUES ('1000881', 'spell', '30012', '0', '0', '0');
INSERT INTO `skills` VALUES ('1000865', 'spell', '10381', '4', '0', '0');
INSERT INTO `skills` VALUES ('1000865', 'spell', '4000', '3', '0', '0');
INSERT INTO `skills` VALUES ('1000881', 'spell', '7020', '8', '0', '0');

-- ----------------------------
-- Table structure for `tradepartner`
-- ----------------------------
DROP TABLE IF EXISTS `tradepartner`;
CREATE TABLE `tradepartner` (
  `CharID` bigint(20) unsigned DEFAULT '0',
  `PartenerID` bigint(20) DEFAULT NULL,
  `PartenerName` varchar(16) CHARACTER SET latin1 COLLATE latin1_german1_ci DEFAULT NULL,
  `TimeStart` bigint(255) unsigned DEFAULT '0'
) ENGINE=MyISAM DEFAULT CHARSET=utf8;

-- ----------------------------
-- Records of tradepartner
-- ----------------------------
INSERT INTO `tradepartner` VALUES ('1000881', '1000865', 'ProjectManager', '634252876269687500');
INSERT INTO `tradepartner` VALUES ('1000865', '1000881', 'E.V.E', '634252876269687500');
INSERT INTO `tradepartner` VALUES ('1001482', '1000881', 'E.V.E', '534363505080452389');
INSERT INTO `tradepartner` VALUES ('1000881', '1001482', 'GameMaster', '534363505080452389');
